# File: IEA_ctry.csv# Title: Mapping from IEA countries or composite regions to country ISO codes.# Source: NA# Units: NA# Description: IEA_ctry refers to the name of the country or country group in the IEA Energy Balances. IEA_Fert_reg corresponds to the world region for which ammonia production volumes and energy intensities are reported in Table 4.15 of IEA (2007); Tracking Industrial Energy Efficiency and CO2 Emissions, https://www.iea.org/publications/freepublications/publication/tracking_emissions.pdfIEA_ctry,iso,IEA_Fert_regAlbania,alb,Central European countriesAlgeria,dza,AfricaAngola,ago,AfricaArgentina,arg,Latin AmericaArmenia,arm,CISAustralia,aus,OceaniaAustria,aut,Western EuropeAzerbaijan,aze,CISBahrain,bhr,Middle EastBangladesh,bgd,Other AsiaBelarus,blr,CISBelgium,bel,Western EuropeBenin,ben,AfricaBolivia,bol,Latin AmericaBosnia and Herzegovina,bih,Central European countriesBotswana,bwa,AfricaBrazil,bra,Latin AmericaBrunei Darussalam,brn,Other AsiaBulgaria,bgr,Central European countriesCambodia,khm,ChinaCameroon,cmr,AfricaCanada,can,North AmericaChile,chl,Latin AmericaChinese Taipei,twn,Other AsiaColombia,col,Latin AmericaCongo,cog,AfricaCosta Rica,cri,Latin AmericaCote dIvoire,civ,AfricaCroatia,hrv,Central European countriesCuba,cub,Latin AmericaCyprus,cyp,Western EuropeCzech Republic,cze,Central European countriesDem. Peoples Rep. of Korea,prk,ChinaDemocratic Republic of Congo,cod,AfricaDenmark,dnk,Western EuropeDominican Republic,dom,Latin AmericaEcuador,ecu,Latin AmericaEgypt,egy,AfricaEl Salvador,slv,Latin AmericaEritrea,eri,AfricaEstonia,est,CISEthiopia,eth,AfricaFinland,fin,Western EuropeFormer Yugoslav Republic of Macedonia,mkd,Central European countriesFrance,fra,Western EuropeGabon,gab,AfricaGeorgia,geo,CISGermany,deu,Western EuropeGhana,gha,AfricaGibraltar,gib,Western EuropeGreece,grc,Western EuropeGuatemala,gtm,Latin AmericaHaiti,hti,Latin AmericaHonduras,hnd,Latin America"Hong Kong, China",hkg,Other AsiaHungary,hun,Central European countriesIceland,isl,Western EuropeIndia,ind,IndiaIndonesia,idn,Other AsiaIraq,irq,Middle EastIreland,irl,Western EuropeIslamic Republic of Iran,irn,Middle EastIsrael,isr,Middle EastItaly,ita,Western EuropeJamaica,jam,Latin AmericaJapan,jpn,Other AsiaJordan,jor,Middle EastKazakhstan,kaz,CISKenya,ken,AfricaKorea,kor,Other AsiaKosovo,srb,Central European countriesKuwait,kwt,Middle EastKyrgyzstan,kgz,CISLatvia,lva,CISLebanon,lbn,Middle EastLibya,lby,AfricaLithuania,ltu,CISLuxembourg,lux,Western EuropeMalaysia,mys,Other AsiaMalta,mlt,Western EuropeMexico,mex,Latin AmericaMongolia,mng,ChinaMontenegro,mne,Central European countriesMorocco,mar,AfricaMozambique,moz,AfricaMyanmar,mmr,Other AsiaNamibia,nam,AfricaNepal,npl,Other AsiaNetherlands,nld,Western EuropeNetherlands Antilles,ant,Latin AmericaNew Zealand,nzl,OceaniaNicaragua,nic,Latin AmericaNigeria,nga,AfricaNorway,nor,Western EuropeOman,omn,Middle EastPakistan,pak,Other AsiaPanama,pan,Latin AmericaParaguay,pry,Latin AmericaPeoples Republic of China,chn,ChinaPeru,per,Latin AmericaPhilippines,phl,Other AsiaPoland,pol,Central European countriesPortugal,prt,Western EuropeQatar,qat,Middle EastRepublic of Moldova,mda,CISRomania,rom,Central European countriesRussian Federation,rus,CISSaudi Arabia,sau,Middle EastSenegal,sen,AfricaSerbia,srb,Central European countriesSerbia and Montenegro,scg,Central European countriesSingapore,sgp,Other AsiaSlovak Republic,svk,Central European countriesSlovenia,svn,Central European countriesSouth Africa,zaf,AfricaSpain,esp,Western EuropeSri Lanka,lka,Other AsiaSudan,sdn,AfricaSweden,swe,Western EuropeSwitzerland,che,Western EuropeSyrian Arab Republic,syr,Middle EastTajikistan,tjk,CISThailand,tha,Other AsiaTogo,tgo,AfricaTrinidad and Tobago,tto,Latin AmericaTunisia,tun,AfricaTurkey,tur,Western EuropeTurkmenistan,tkm,CISUkraine,ukr,CISUnited Arab Emirates,are,Middle EastUnited Kingdom,gbr,Western EuropeUnited Republic of Tanzania,tza,AfricaUnited States,usa,North AmericaUruguay,ury,Latin AmericaUzbekistan,uzb,CISVenezuela,ven,Latin AmericaVietnam,vnm,ChinaYemen,yem,Middle EastZambia,zmb,AfricaZimbabwe,zwe,AfricaFormer Soviet Union (if no detail),arm,CISFormer Soviet Union (if no detail),aze,CISFormer Soviet Union (if no detail),blr,CISFormer Soviet Union (if no detail),est,CISFormer Soviet Union (if no detail),geo,CISFormer Soviet Union (if no detail),kaz,CISFormer Soviet Union (if no detail),kgz,CISFormer Soviet Union (if no detail),ltu,CISFormer Soviet Union (if no detail),lva,CISFormer Soviet Union (if no detail),mda,CISFormer Soviet Union (if no detail),rus,CISFormer Soviet Union (if no detail),tjk,CISFormer Soviet Union (if no detail),tkm,CISFormer Soviet Union (if no detail),ukr,CISFormer Soviet Union (if no detail),uzb,CISFormer Yugoslavia (if no detail),bih,Central European countriesFormer Yugoslavia (if no detail),hrv,Central European countriesFormer Yugoslavia (if no detail),mkd,Central European countriesFormer Yugoslavia (if no detail),mne,Central European countriesFormer Yugoslavia (if no detail),srb,Central European countriesFormer Yugoslavia (if no detail),svn,Central European countriesOther Africa,bdi,AfricaOther Africa,bfa,AfricaOther Africa,caf,AfricaOther Africa,com,AfricaOther Africa,cpv,AfricaOther Africa,dji,AfricaOther Africa,esh,AfricaOther Africa,gin,AfricaOther Africa,gmb,AfricaOther Africa,gnb,AfricaOther Africa,gnq,AfricaOther Africa,lbr,AfricaOther Africa,lso,AfricaOther Africa,mdg,AfricaOther Africa,mli,AfricaOther Africa,mrt,AfricaOther Africa,mus,AfricaOther Africa,mwi,AfricaOther Africa,ner,AfricaOther Africa,reu,AfricaOther Africa,rwa,AfricaOther Africa,sle,AfricaOther Africa,som,AfricaOther Africa,stp,AfricaOther Africa,swz,AfricaOther Africa,syc,AfricaOther Africa,tcd,AfricaOther Africa,uga,AfricaOther Non-OECD Americas,abw,Latin AmericaOther Non-OECD Americas,atg,Latin AmericaOther Non-OECD Americas,bhs,Latin AmericaOther Non-OECD Americas,blz,Latin AmericaOther Non-OECD Americas,bmu,Western EuropeOther Non-OECD Americas,brb,Latin AmericaOther Non-OECD Americas,cym,Latin AmericaOther Non-OECD Americas,dma,Latin AmericaOther Non-OECD Americas,flk,Latin AmericaOther Non-OECD Americas,glp,Latin AmericaOther Non-OECD Americas,grd,Latin AmericaOther Non-OECD Americas,guf,Latin AmericaOther Non-OECD Americas,guy,Latin AmericaOther Non-OECD Americas,kna,Latin AmericaOther Non-OECD Americas,lca,Latin AmericaOther Non-OECD Americas,msr,Latin AmericaOther Non-OECD Americas,sur,Latin AmericaOther Non-OECD Americas,tca,Latin AmericaOther Non-OECD Americas,vct,Latin AmericaOther Non-OECD Americas,vgb,Latin AmericaOther Asia,afg,Other AsiaOther Asia,btn,Other AsiaOther Asia,fji,Other AsiaOther Asia,kir,Other AsiaOther Asia,lao,Other AsiaOther Asia,mac,Other AsiaOther Asia,mdv,Other AsiaOther Asia,ncl,Other AsiaOther Asia,plw,Other AsiaOther Asia,png,Other AsiaOther Asia,slb,Other AsiaOther Asia,tls,Other AsiaOther Asia,ton,Other AsiaOther Asia,vut,Other AsiaOther Asia,wsm,Other Asia